00000000,BUNNY BRADFORD LTD,7543 ASH ST,MOUNTAIN DALE,NY,12763
00000001,ALPINE SIGNING LTD,125 WALDO ALY,MARSTONS MILLS,MA,02648
00000002,HISTORY BOATING CO,5586 MARIST CT,N HOLLYWOOD,CA,91611
00000003,COMPARABLE TONIGHT INCORPORATED,4221 UNNAMED 115,CARMEL,IN,46032
00000004,DESCRIPTIONS ASHLEY INCORPORATED,7099 FAIRBANKS ST,INDEPENDENCE,MO,64057
00000005,LORD CASE CO,5533 BATTERY EAST RD,UPPER GWYNEDD,PA,19446
00000006,TOMATO FLOORS LTD,1435 BURLWOOD DR,PEQUABUCK,CT,06781
00000007,EXPERIENCE LAYER LTD,2621 MORRELL ST,VANDERBILT,TX,77991
00000008,BIBLIOGRAPHIC ETHNIC LIMITED,1648 MOUNTVIEW CT,VILLAGE OF LAKEWOOD,IL,60014
00000009,KINASE HERITAGE LLP,2802 STEINER ST,TOOL,TX,75143
00000010,WELL NIGHTMARE CO,6826 HAVELOCK ST,BALTIMORE,MD,21260
00000011,EXPECTED BALLOON BANK,9808 HAVENS ST,GRIFFIN,GA,30223
00000012,BIBLE BETH INC.,5285 MARTIN AVE,SEXTONVILLE,WI,53584
00000013,CREATOR COACH BANK,6976 APTOS AVE,ROARING SPRING,PA,16673
00000014,PROPECIA SCIENTIFIC LLC,4246 BARRY CT,KANSAS CITY,MO,64114
00000015,REST HUNGARIAN CORP,9725 ELSIE ST,BARNES,WI,54873
00000016,MILK CANDLE CORP,5196 PINK ALY,URB PARKSIDE,PR,00968
00000017,LASTING EMISSION LTD,7146 ELMWOOD WAY,HARRISVILLE,MI,48740
00000018,CONVERSATIONS DUTCH LLC,8493 SHIP ST,KNOWLESVILLE,NY,14479
00000019,RELATING ICONS INCORPORATED,6635 TOLEDO WAY,SHAWNEE MISSION,KS,66210
00000020,JEAN DECIDE LIMITED,2378 IGNACIO AVE,MIDLINE,TX,77327
00000021,READS MONO INCORPORATED,6735 RANKIN ST,HAYNESVILLE,LA,71038
00000022,TUESDAY BILLION BANK,5658 DUNSHEE ST,DONA VISTA,FL,32784
00000023,HINT SIGNUP INC.,7858 RAWLES ST,SHADY POINT,OK,74956
00000024,RETURNED CLEARED LLC,7356 19TH AVE,MT BRADDOCK,PA,15465
00000025,ICELAND INSTRUMENTAL CO,2151 JANSEN ST,THETFORD,VT,05074
00000026,HAPPENED BROKE BANK,7597 HAWES ST,DERBY,VT,05829
00000027,DISTRICTS WALLET CORPORATION,7124 ROCK ALY,WYOMING,IL,61491
00000028,MEMORABILIA WHEEL BANK,1519 DIAZ AVE,DALLAS,TX,75285
00000029,CRUDE FONTS CO,2430 COLEMAN ST,URB ALTAMIRA,PR,00920
00000030,SCHOLAR VACATIONS LLC,3261 BAYSIDE VILLAGE PL,MIDLAND,OR,97634
00000031,PRIOR WEARING CO,8664 HABITAT TER,MOUNTAIN MESA,CA,93240
00000032,COPYRIGHT BOAT LIMITED,2735 SPROULE LN,CARNEY,MI,49812
00000033,CREST WALLPAPERS LTD,4710 MORRIS ST,SAN ANTONIO,TX,78249
00000034,WEATHER SHUTTLE INCORPORATED,6496 SAINT ELMO WAY,CLEAR CREEK,NV,89701
00000035,REPRODUCE RUNS LLC,3081 CLARENDON AVE,FREDERICK,MD,21702
00000036,DISASTER CONFIRMED LLP,664 TORRENS CT,GARDNER,NE,68870
00000037,PRESENTS VERTEX CO,6734 HILTON ST,DOUGLASSVILLE,TX,75560
00000038,TONY GREENSBORO CORPORATION,9798 ALDER ST,WAGNER,MN,55735
00000039,TORTURE KNOWS CO,7114 SYLVAN DR,NORTH WARREN,PA,16365
00000040,SHAPES FREEDOM CO,4198 MALDEN ALY,GARRISONVILLE,VA,22463
00000041,ENTERS SCREENSHOT CO,4784 HURON AVE,ALTO PASS,IL,62905
00000042,PHARMACIES GEOMETRY LIMITED,6396 SEAWELL LN,LYTLE,TX,78052
00000043,AMAZON THRESHOLD LLP,6202 SCHOFIELD RD,HUDSON,SD,57034
00000044,SHAKE NASDAQ LIMITED,2 DUBLIN ST,TAMPA,FL,33681
00000045,SERIOUS ITALIA LIMITED,2078 WIESE ST,PT ACRES,TX,77640
00000046,PORTION QUIZ LIMITED,3856 NAPLES ST,POCONO LAKE,PA,18348
00000047,NAUGHTY HTTP LLC,8789 E ST,MONTCLAIR,NJ,07042
00000048,HOPES INTER INC.,9522 BRADFORD ST,US BANK,CO,80256
00000049,POLAND CALCULATION LTD,1068 BRONTE ST,BAYSTATE MEDICAL,MA,01199
00000050,RHODE MONTHS LLP,7841 JENNINGS CT,PORTLAND,ME,04110
00000051,NAMED POLITICS INC.,5834 TORRENS CT,SUMMERTON,SC,29148
00000052,REPORTED DEUTSCHE CORP,6771 RIVOLI ST,LARKSPUR,CA,94977
00000053,FRAME RETAILERS INCORPORATED,9185 MARINA GREEN DR,DARKSVILLE,MO,65259
00000054,ASSISTED DISEASE LTD,6626 MERRIAM LN,NEW MANCHESTER,WV,26056
00000055,CORPORATION PHARMACY LLP,939 GOLETA AVE,PHILADELPHIA,PA,19136
00000056,OUTLOOK CHARACTERISTICS CORPORATION,4901 19TH AVE,AYR,NE,68925
00000057,MUNICH TRAVELS INCORPORATED,344 MARTINEZ ST,HIGHLAND TWP,MI,48356
00000058,NORTON CALGARY LLP,1369 REVERE AVE,US DEPT OF EDUCATION,DC,20202
00000059,REGISTRAR TIMER LLP,1815 WHITNEY YOUNG CIR,BRISTOL,TN,37620
00000060,HERITAGE COMPOUND INC.,856 CHARLES J BRENHAM PL,GLOUCESTER CITY,NJ,08030
00000061,WOOL PREPARE LLP,9029 BOB KAUFMAN ALY,BUTTERFIELD,MO,65625
00000062,FINISHING KEYWORDS CORP,4546 BOWLEY CT,EASTWICK,PA,19153
00000063,MEDITATION BIDS CO,1874 PARNASSUS AVE,FARGO,MI,48006
00000064,CALCULATORS STRENGTH LLC,17 EVE ST,TORRANCE,CA,90501
00000065,POCKETS MART CORPORATION,4715 EWING TER,CARSON,CA,90749
00000066,PROPOSE AUTOMOBILE LLP,2789 SAINT FRANCIS BLVD,BEAUMONT,TX,77702
00000067,WIRED DETECTIVE BANK,2655 VENARD ALY,HOPATCONG,NJ,07843
00000068,TORTURE NEWSPAPERS LLC,9880 HICKS RD,ROYAL CITY,WA,99357
00000069,SCRIPTING REPUBLICANS LTD,4762 CATHERINE CT,SALEM,NE,68433
00000070,MILK ASSOCIATES LLP,5210 ERVINE ST,SUNNY SIDE,GA,30284
00000071,FACTOR SCANNED CORPORATION,770 JAUSS ST,MPHS,TN,38107
00000072,SPREADING WALT INC.,7515 CODMAN PL,URB SANTA CLARA,PR,00716
00000073,BATHROOMS LAURA LTD,596 BURROWS DR,DPO,AE,09716
00000074,DIMENSIONAL CENSUS INC.,9712 GOLD MINE DR,URB MORELL CAMPOS,PR,00730
00000075,SESSION PROMOTED INC.,3223 12TH ST,FT WORTH,TX,76136
00000076,HOLLAND GOOD CORP,6024 MISSION BAY BLVD SOUTH,SHOALS,WV,25562
00000077,IEEE STATES CO,5755 ROTTECK ST,POTTER,KS,66077
00000078,ADVANCE NICHOLAS BANK,2550 FOREST HILL PATH,SOUTHFIELD,LA,71105
00000079,CELEBRITY FUNKY BANK,7629 CASCADE WALK,DINERO,TX,78350
00000080,CONVERTER CRITICISM LIMITED,369 ILLINOIS ST,BOUND BRK,NJ,08805
00000081,REDUCING GEEK INC.,7266 MAJESTIC AVE,DOUGLAS,AZ,85655
00000082,AGREED CUSTOMERS LLP,8495 MARGARET AVE,CURLEW,IA,50527
00000083,VIRTUALLY LIMITS LIMITED,7603 VICENTE ST,GLENDALE,AZ,85318
00000084,ENDANGERED LONG CORP,9683 CARMELITA ST,FAIRPORT HBR,OH,44077
00000085,CAMPAIGN CROATIA INCORPORATED,5380 LE CONTE AVE,SUAREZ CORPORATION,OH,44767
00000086,BUFFALO YOUR CORP,2437 FRESNO ST,DES MOINES,IA,50380
00000087,WEST VARIABLE INC.,5784 MISSION BAY BLVD NORTH,HOLLAND PATENT,NY,13354
00000088,FOOTWEAR NASDAQ LLC,726 JOSE SARRIA CT,LOST NATION,IA,52254
00000089,AMONG THONG INC.,8541 UNNAMED 128,HAINESPRT TWP,NJ,08036
00000090,EMACS COMMAND BANK,1610 VICENTE ST,NORTHFIELD MT HERMON,MA,01354
00000091,OPPORTUNITY DEFINES CORP,6722 EDNA ST,ENFIELD,IL,62835
00000092,YEAR FORUM CO,807 EAST BEACH RD,LEXINGTON,KY,40581
00000093,QUIT DISTURBED CO,1950 SWEENY ST,APO,AE,09601
00000094,LAWSUIT TOSHIBA CO,8399 BOALT ST,WOODSTOCK,GA,30189
00000095,CONNECTOR OPERATE LLP,1051 DAVIS CT,BDA CATALANA,PR,00617
00000096,PSYCHIATRY LANGUAGE LIMITED,4642 CARPENTER CT,FORT MORGAN,CO,80705
00000097,FONTS WAGES CORPORATION,1717 MONETA WAY,NESBIT,MS,38651
00000098,APPLICATIONS PROTEIN INC.,8224 SACRAMENTO ST,HUMBLE,TX,77347
00000099,ANGLE SUITE LLP,818 HAWTHORNE ST,HIGGINS LAKE,MI,48627
